create database if not exists Books;

use Books;

create table books
(
    id        int auto_increment
        primary key,
    title     varchar(255) not null,
    author    varchar(255) not null,
    createdAt date         not null
);

create table users
(
    id        int auto_increment
        primary key,
    firstName varchar(255) not null,
    lastName  varchar(255) not null,
    age       int          not null,
    isFree    tinyint(1)   not null,
    createdAt date         not null,
    updatedAt date         null
);

create table history
(
    id       int auto_increment
        primary key,
    books_id int not null,
    user_id  int not null,
    constraint history_books_null_fk
        foreign key (books_id) references books (id),
    constraint history_users_null_fk
        foreign key (user_id) references users (id)
);

insert into Books.books (id, title, author, createdAt)
values (1, 'dui nec urna suscipit nonummy.', 'Kimberley Peck', '2022-04-27'),
       (2, 'Donec', 'Colt Hurley', '2023-05-12'),
       (3, 'elit sed', 'Brett Perkins', '2022-05-3'),
       (4, 'non nisi. Aenean eget', 'Kelsey Carroll', '2021-10-1'),
       (5, 'dui, semper et,', 'Ebony Albert', '2022-06-17'),
       (6, 'faucibus lectus, a sollicitudin orci', 'Grant Payne', '2023-06-22'),
       (7, 'consectetuer, cursus et, magna.', 'Carlos Faulkner', '2023-06-29'),
       (8, 'risus. Nulla', 'Xantha Bradshaw', '2021-12-10'),
       (9, 'magna.', 'Jin Hamilton', '2023-06-27'),
       (10, 'tempus eu,', 'Hedley Frye', '2023-07-27'),
       (11, 'Vivamus', 'Adena Durham', '2022-07-18'),
       (12, 'Vivamus non', 'Brian Wolf', '2021-10-28'),
       (13, 'Donec egestas.', 'Morgan Holt', '2022-12-13'),
       (14, 'at, velit. Cras lorem lorem,', 'Chanda Kidd', '2022-12-9'),
       (15, 'metus eu', 'Carlos Nichols', '2022-02-24'),
       (16, 'a,', 'Denise Frost', '2022-03-5'),
       (17, 'gravida nunc sed pede. Cum', 'Akeem Casey', '2023-02-14'),
       (18, 'erat semper rutrum. Fusce dolor', 'Dexter Montoya', '2023-01-2'),
       (19, 'auctor vitae, aliquet nec,', 'Rigel Howell', '2023-05-13'),
       (20, 'at, velit.', 'Hadley Mclaughlin', '2023-04-3'),
       (21, 'justo eu arcu. Morbi sit', 'Gareth Stokes', '2022-06-1'),
       (22, 'felis purus ac', 'Serena Erickson', '2022-01-29'),
       (23, 'Proin nisl sem,', 'Tarik Wilcox', '2023-04-15'),
       (24, 'gravida non, sollicitudin', 'Dorothy Vance', '2022-10-29'),
       (25, 'nibh dolor, nonummy ac,', 'Edan Davis', '2021-11-14'),
       (26, 'consectetuer adipiscing elit. Etiam laoreet,', 'Jane Berger', '2021-12-3'),
       (27, 'Sed diam lorem,', 'Tanisha Frederick', '2022-12-29'),
       (28, 'Maecenas malesuada', 'Pandora Payne', '2022-02-22'),
       (29, 'sodales nisi magna sed', 'Phelan Callahan', '2023-03-15'),
       (30, 'turpis. In condimentum. Donec at', 'Stephen Oneil', '2022-06-1'),
       (31, 'nunc est, mollis', 'Kristen Cannon', '2022-11-5'),
       (32, 'ante lectus convallis est, vitae', 'Nita Rios', '2023-05-23'),
       (33, 'neque sed dictum eleifend,', 'Xena Ward', '2022-04-22'),
       (34, 'In', 'Macey Summers', '2022-09-5'),
       (35, 'non enim commodo hendrerit.', 'Imani Weaver', '2021-11-18'),
       (36, 'a, enim. Suspendisse aliquet,', 'Ferdinand Hawkins', '2023-04-25'),
       (37, 'odio. Nam interdum enim', 'Lesley Andrews', '2023-02-13'),
       (38, 'enim, gravida', 'Destiny Gonzales', '2023-02-1'),
       (39, 'Sed neque. Sed', 'Emerson Mccarty', '2023-03-18'),
       (40, 'vulputate, risus a', 'Anjolie Collier', '2022-11-22'),
       (41, 'tincidunt, nunc ac', 'Aquila Hutchinson', '2022-08-25'),
       (42, 'consectetuer adipiscing elit. Curabitur', 'Xander Gonzalez', '2023-02-12'),
       (43, 'morbi', 'Stone Rojas', '2023-03-25'),
       (44, 'risus. Morbi', 'Armando Olsen', '2022-01-14'),
       (45, 'Pellentesque ut', 'Lawrence Klein', '2021-10-22'),
       (46, 'ipsum sodales purus,', 'Nyssa Albert', '2021-10-26'),
       (47, 'massa lobortis ultrices. Vivamus', 'Tamekah Valenzuela', '2022-02-21'),
       (48, 'justo eu arcu. Morbi', 'Angelica Casey', '2022-06-17'),
       (49, 'consequat dolor vitae dolor.', 'Kellie House', '2022-03-16'),
       (50, 'vitae semper', 'Dillon Riddle', '2022-03-16'),
       (51, 'odio. Aliquam', 'Carl Cote', '2022-08-26'),
       (52, 'et magnis', 'Bruce Meadows', '2022-03-11'),
       (53, 'penatibus et magnis dis', 'Cedric Bowman', '2022-06-22'),
       (54, 'mauris ut mi. Duis', 'Wilma Deleon', '2022-10-9'),
       (55, 'Donec feugiat metus sit', 'Kirestin Wilder', '2021-09-30'),
       (56, 'vel pede blandit', 'Adena Pennington', '2023-06-25'),
       (57, 'nulla', 'George Ward', '2023-02-13'),
       (58, 'sapien. Aenean massa. Integer', 'Kristen Mccray', '2022-10-19'),
       (59, 'quam vel', 'Kalia Beck', '2022-10-3'),
       (60, 'sapien, gravida non,', 'Luke Tate', '2023-01-10'),
       (61, 'sed, sapien.', 'Cody Cherry', '2023-01-25'),
       (62, 'lorem, luctus ut,', 'Leah Mann', '2021-10-17'),
       (63, 'ut odio vel est tempor', 'Robert Jenkins', '2022-10-3'),
       (64, 'non,', 'Melyssa Hoffman', '2023-01-1'),
       (65, 'Sed eget lacus. Mauris non', 'Daquan Miranda', '2023-09-4'),
       (66, 'mollis dui, in sodales', 'Christine Richmond', '2022-02-5'),
       (67, 'magna. Suspendisse tristique neque venenatis', 'Ivan Delgado', '2022-05-17'),
       (68, 'vitae', 'Elton Beard', '2021-12-2'),
       (69, 'risus. Donec egestas.', 'Naida Alvarez', '2021-10-18'),
       (70, 'vel', 'Yuli Burton', '2022-12-24'),
       (71, 'ut eros non', 'Lyle Dalton', '2023-02-18'),
       (72, 'libero mauris, aliquam', 'Curran Hodges', '2021-11-28'),
       (73, 'lectus, a sollicitudin orci', 'Allen Sweeney', '2023-09-9'),
       (74, 'aliquet magna a neque.', 'Xena Morton', '2022-05-23'),
       (75, 'lacus. Quisque imperdiet, erat', 'Mia Atkinson', '2023-01-7'),
       (76, 'augue id', 'Warren May', '2023-06-6'),
       (77, 'quis, tristique ac, eleifend', 'Laith Vaughan', '2021-11-30'),
       (78, 'a', 'Kathleen Stewart', '2022-02-2'),
       (79, 'dui.', 'Harlan Acevedo', '2023-04-16'),
       (80, 'id nunc interdum feugiat.', 'Emmanuel Foley', '2021-10-1'),
       (81, 'dictum', 'Brenda Benson', '2022-09-9'),
       (82, 'varius et, euismod et, commodo', 'Guinevere Watson', '2022-10-12'),
       (83, 'neque venenatis lacus. Etiam', 'Danielle Alexander', '2022-07-21'),
       (84, 'Morbi accumsan laoreet ipsum.', 'Wendy Harris', '2022-10-2'),
       (85, 'parturient montes, nascetur ridiculus mus.', 'Walter Randolph', '2022-04-29'),
       (86, 'penatibus et', 'Orla Foley', '2023-06-8'),
       (87, 'quis turpis vitae', 'Keelie Mcmillan', '2023-01-27'),
       (88, 'lorem, vehicula et, rutrum', 'Bert Mcknight', '2023-05-23'),
       (89, 'Proin vel arcu eu odio', 'Hedy Marquez', '2022-06-19'),
       (90, 'luctus', 'Gail Strong', '2023-05-17'),
       (91, 'non lorem', 'Rudyard Patrick', '2023-07-17'),
       (92, 'In tincidunt', 'Petra Hubbard', '2022-08-28'),
       (93, 'malesuada vel, venenatis', 'Daquan Thornton', '2023-09-21'),
       (94, 'tellus.', 'Cynthia Schmidt', '2023-08-17'),
       (95, 'sociosqu ad litora torquent', 'Reuben Levine', '2022-04-19'),
       (96, 'massa non ante', 'Kevyn Wells', '2022-08-6'),
       (97, 'condimentum eget,', 'Ivana Booth', '2023-09-7'),
       (98, 'Aliquam vulputate ullamcorper', 'Ross Branch', '2023-09-13'),
       (99, 'sociis natoque penatibus et magnis', 'Bruce Reyes', '2023-05-22'),
       (100, 'Donec consectetuer mauris id', 'Teegan Fischer', '2023-05-4'),
       (101, 'tristique senectus et netus et', 'Dexter Hansen', '2022-04-12'),
       (102, 'mauris erat eget', 'James ONeill', '2022-10-21'),
       (103, 'enim.', 'Sage Ferguson', '2022-07-28'),
       (104, 'vel, convallis in,', 'Brian Mitchell', '2021-12-25'),
       (105, 'Praesent luctus. Curabitur egestas', 'Tana Tate', '2022-04-10'),
       (106, 'at augue id', 'Jennifer Farmer', '2021-12-12'),
       (107, 'vel, convallis in, cursus et,', 'Fallon Britt', '2023-03-31'),
       (108, 'tincidunt dui augue', 'Cherokee Atkins', '2022-11-29'),
       (109, 'velit. Aliquam', 'Shaeleigh Kennedy', '2022-07-28'),
       (110, 'varius ultrices, mauris', 'Cameron Ayers', '2022-07-18'),
       (111, 'Nam ac', 'Erasmus Jenkins', '2023-09-2'),
       (112, 'enim. Suspendisse aliquet, sem', 'Catherine Wheeler', '2023-05-5'),
       (113, 'dolor vitae dolor.', 'Kasimir Lee', '2023-05-24'),
       (114, 'ac, fermentum vel, mauris. Integer', 'Sophia Noel', '2023-05-20'),
       (115, 'nisi magna', 'Keiko Armstrong', '2023-03-10'),
       (116, 'ullamcorper', 'Bernard Hammond', '2022-04-6'),
       (117, 'purus sapien,', 'Harding Hughes', '2021-12-16'),
       (118, 'ullamcorper, nisl', 'Hu Hunter', '2022-05-15'),
       (119, 'Donec vitae erat vel pede', 'Aurelia Kaufman', '2021-11-27'),
       (120, 'ornare. In faucibus. Morbi vehicula.', 'Jenna Alford', '2023-05-27'),
       (121, 'semper erat, in consectetuer', 'Aidan Mccarty', '2023-09-11'),
       (122, 'felis. Donec', 'Lacy Ball', '2023-05-1'),
       (123, 'ipsum. Suspendisse non leo. Vivamus', 'Merritt Gilbert', '2022-09-13'),
       (124, 'neque', 'Latifah Beck', '2022-06-8'),
       (125, 'nulla at sem', 'Jerry Lynch', '2021-11-27'),
       (126, 'arcu et', 'Mollie Fuentes', '2023-08-29'),
       (127, 'Nam interdum', 'Aretha Hammond', '2022-02-15'),
       (128, 'Praesent luctus. Curabitur', 'Vivien Mayer', '2023-03-31'),
       (129, 'ac metus vitae velit', 'Doris Velasquez', '2021-09-28'),
       (130, 'Nunc', 'Melodie Wolfe', '2022-12-27'),
       (131, 'est, mollis', 'Tallulah Lester', '2021-10-26'),
       (132, 'In at pede.', 'Timon Harrison', '2023-07-5'),
       (133, 'velit. Aliquam nisl.', 'Kirestin Rutledge', '2021-10-3'),
       (134, 'tincidunt nibh.', 'Louis Fitzgerald', '2023-02-1'),
       (135, 'vulputate, posuere vulputate,', 'Katelyn Schmidt', '2022-09-20'),
       (136, 'non, bibendum sed, est. Nunc', 'Wendy Head', '2022-12-5'),
       (137, 'eros', 'Xandra Suarez', '2022-08-26'),
       (138, 'conubia nostra, per', 'Evangeline Mccarty', '2023-07-8'),
       (139, 'eu, euismod ac, fermentum', 'Kim Bowman', '2022-07-7'),
       (140, 'vitae sodales nisi magna', 'Lucas Herring', '2023-09-9'),
       (141, 'ante dictum cursus. Nunc', 'Daniel Swanson', '2021-10-21'),
       (142, 'a odio semper cursus.', 'Theodore Barton', '2022-08-27'),
       (143, 'nibh. Aliquam ornare, libero', 'Matthew Carrillo', '2023-03-26'),
       (144, 'semper tellus id nunc interdum', 'Xyla Hubbard', '2021-11-25'),
       (145, 'neque. Sed eget', 'Trevor Reed', '2023-04-24'),
       (146, 'purus', 'Vanna Harmon', '2023-07-27'),
       (147, 'tellus.', 'Mannix Terry', '2022-01-24'),
       (148, 'risus. Donec nibh enim,', 'Veronica Cain', '2023-03-26'),
       (149, 'diam vel arcu. Curabitur', 'Xander Diaz', '2023-02-27'),
       (150, 'egestas nunc sed libero. Proin', 'Liberty Good', '2022-08-5');

insert into Books.users (id, firstName, lastName, age, isFree, createdAt, updatedAt)
values (1, 'Marsden', 'Powell', 7, '0', '2022-09-16', '2023-01-21'),
       (2, 'Caryn', 'Morin', 8, '1', '2022-08-17', '2022-08-18'),
       (3, 'Hasad', 'Hines', 0, '0', '2022-04-06', '2021-10-27'),
       (4, 'Lyle', 'Freeman', 10, '1', '2022-10-30', '2022-07-24'),
       (5, 'Rashad', 'Hoffman', 9, '1', '2022-07-06', '2023-02-26'),
       (6, 'Alexandra', 'Marsh', 9, '0', '2022-01-06', '2022-07-04'),
       (7, 'Caryn', 'Olsen', 2, '1', '2022-10-18', '2023-03-08'),
       (8, 'Isabelle', 'Graham', 1, '0', '2022-04-13', '2022-04-27'),
       (9, 'Emmanuel', 'Weeks', 7, '1', '2023-06-23', '2022-07-10'),
       (10, 'Iris', 'Hull', 8, '0', '2021-11-18', '2022-02-28'),
       (11, 'Hilary', 'Koch', 1, '0', '2022-08-09', '2022-06-03'),
       (12, 'Bert', 'White', 6, '1', '2022-07-07', '2022-07-09'),
       (13, 'Carolyn', 'Morales', 9, '0', '2023-04-02', '2023-04-29'),
       (14, 'Lee', 'Merrill', 6, '1', '2023-02-03', '2021-10-19'),
       (15, 'Nita', 'Phelps', 1, '0', '2023-09-16', '2022-11-10'),
       (16, 'Ella', 'Murray', 8, '0', '2021-10-09', '2022-10-02'),
       (17, 'Thane', 'Bradshaw', 0, '1', '2023-01-12', '2022-06-20'),
       (18, 'Gemma', 'Tillman', 7, '0', '2022-11-11', '2023-08-23'),
       (19, 'Gillian', 'Alvarado', 5, '0', '2023-06-05', '2022-02-09'),
       (20, 'Forrest', 'Love', 8, '1', '2022-01-30', '2023-03-05'),
       (21, 'Azalia', 'Ballard', 4, '1', '2022-08-22', '2023-02-16'),
       (22, 'Sean', 'Chen', 5, '1', '2023-04-30', '2022-08-03'),
       (23, 'Chastity', 'Carrillo', 9, '0', '2022-01-09', '2023-02-04'),
       (24, 'Steven', 'Fields', 7, '1', '2021-11-23', '2023-08-01'),
       (25, 'Harper', 'Rasmussen', 2, '0', '2023-06-20', '2022-05-27'),
       (26, 'Brian', 'Estrada', 6, '1', '2023-09-06', '2021-12-03'),
       (27, 'Wylie', 'Singleton', 5, '0', '2023-07-17', '2022-12-24'),
       (28, 'Fulton', 'Burch', 2, '0', '2023-05-23', '2022-07-25'),
       (29, 'Nasim', 'Kinney', 7, '0', '2023-09-11', '2022-12-29'),
       (30, 'Anika', 'Nolan', 5, '0', '2023-05-25', '2022-08-10'),
       (31, 'Angela', 'Griffith', 9, '1', '2023-09-02', '2022-02-14'),
       (32, 'Karyn', 'Peterson', 1, '1', '2022-05-22', '2022-06-28'),
       (33, 'Francis', 'Sexton', 1, '0', '2023-01-24', '2022-12-17'),
       (34, 'Eaton', 'Carney', 4, '1', '2023-05-28', '2023-03-17'),
       (35, 'Kimberly', 'Bell', 7, '0', '2022-01-22', '2023-07-31'),
       (36, 'Oprah', 'Gilmore', 3, '1', '2021-12-23', '2021-12-24'),
       (37, 'Ava', 'Hopkins', 7, '0', '2022-10-01', '2022-12-03'),
       (38, 'Tamekah', 'Vance', 9, '1', '2022-04-03', '2022-10-24'),
       (39, 'Audra', 'Burke', 4, '1', '2023-01-16', '2022-05-27'),
       (40, 'Timothy', 'Humphrey', 5, '1', '2023-03-04', '2022-03-23'),
       (41, 'Xavier', 'Lloyd', 3, '0', '2022-06-04', '2022-11-14'),
       (42, 'Bree', 'Morrow', 3, '1', '2023-04-15', '2022-09-03'),
       (43, 'Jorden', 'Kelly', 0, '0', '2021-10-21', '2023-08-07'),
       (44, 'Diana', 'Blackwell', 6, '1', '2023-07-31', '2023-03-04'),
       (45, 'Kay', 'Pratt', 5, '1', '2023-08-16', '2022-09-11'),
       (46, 'Wyatt', 'Franklin', 10, '1', '2022-09-03', '2023-02-10'),
       (47, 'Josephine', 'Warner', 4, '0', '2023-05-24', '2021-10-01'),
       (48, 'Judith', 'Camacho', 3, '1', '2022-02-05', '2023-06-16'),
       (49, 'Hector', 'Wong', 1, '0', '2022-10-20', '2022-08-06'),
       (50, 'Gloria', 'Rosales', 1, '1', '2022-05-02', '2022-10-21'),
       (51, 'Quintessa', 'Flowers', 6, '0', '2022-12-28', '2022-10-13'),
       (52, 'Raya', 'Kemp', 1, '1', '2022-11-22', '2021-11-03'),
       (53, 'Lewis', 'Lane', 10, '0', '2022-08-25', '2023-01-10'),
       (54, 'Cecilia', 'Rowland', 10, '0', '2022-05-08', '2023-08-04'),
       (55, 'Abdul', 'Branch', 9, '1', '2021-11-12', '2022-09-01'),
       (56, 'Whilemina', 'Dorsey', 7, '1', '2023-06-04', '2023-04-25'),
       (57, 'Wilma', 'Ward', 2, '1', '2022-04-14', '2022-04-27'),
       (58, 'Rama', 'Travis', 1, '1', '2022-05-29', '2022-06-26'),
       (59, 'Abdul', 'Blanchard', 9, '1', '2023-07-27', '2022-05-06'),
       (60, 'Mohammad', 'Farrell', 4, '0', '2023-06-04', '2023-08-21'),
       (61, 'Lucas', 'Randolph', 8, '0', '2021-12-13', '2023-04-09'),
       (62, 'Medge', 'Wallace', 2, '1', '2021-11-04', '2022-05-11'),
       (63, 'Tucker', 'Haney', 4, '0', '2023-08-07', '2023-01-21'),
       (64, 'Charles', 'Kline', 1, '1', '2023-06-11', '2023-07-19'),
       (65, 'Phillip', 'Lawson', 6, '1', '2023-08-27', '2022-07-03'),
       (66, 'Wyatt', 'Payne', 2, '1', '2022-12-31', '2023-02-02'),
       (67, 'Jason', 'Bowers', 8, '1', '2023-02-27', '2021-10-27'),
       (68, 'Odysseus', 'Giles', 5, '1', '2023-06-01', '2022-04-21'),
       (69, 'Robert', 'Eaton', 6, '0', '2023-05-28', '2022-12-05'),
       (70, 'Griffith', 'Colon', 6, '1', '2023-02-25', '2021-11-04'),
       (71, 'Tucker', 'Walls', 2, '0', '2023-09-08', '2022-12-29'),
       (72, 'Colorado', 'Shaffer', 7, '0', '2023-06-13', '2022-12-16'),
       (73, 'Vivien', 'Stark', 8, '0', '2023-04-26', '2022-12-24'),
       (74, 'Jenette', 'Clemons', 8, '1', '2022-09-02', '2022-10-09'),
       (75, 'Elmo', 'Moran', 1, '1', '2022-06-23', '2022-03-22'),
       (76, 'Kareem', 'Dixon', 2, '1', '2022-07-01', '2023-07-19'),
       (77, 'Shea', 'Reese', 8, '0', '2023-02-28', '2022-05-08'),
       (78, 'Uta', 'Rice', 4, '0', '2022-01-20', '2022-01-25'),
       (79, 'Patrick', 'Luna', 2, '0', '2021-12-20', '2021-10-19'),
       (80, 'Iliana', 'Mccarthy', 8, '0', '2023-04-23', '2022-05-30'),
       (81, 'Steel', 'Hodges', 7, '0', '2023-06-14', '2022-05-27'),
       (82, 'Oprah', 'Callahan', 3, '0', '2022-12-29', '2022-05-22'),
       (83, 'Burke', 'Reilly', 2, '1', '2021-10-08', '2022-01-28'),
       (84, 'Leigh', 'Townsend', 6, '0', '2021-11-05', '2022-03-06'),
       (85, 'Myra', 'Morin', 4, '1', '2022-08-12', '2023-04-03'),
       (86, 'Wynne', 'Vaughan', 6, '1', '2022-01-09', '2022-07-22'),
       (87, 'Reese', 'Hampton', 5, '0', '2022-01-30', '2022-03-09'),
       (88, 'Nathan', 'Hodge', 7, '0', '2021-09-29', '2022-05-31'),
       (89, 'Edan', 'Tanner', 6, '1', '2023-06-04', '2023-07-09'),
       (90, 'Quon', 'Sutton', 7, '0', '2022-08-10', '2023-04-01'),
       (91, 'Brittany', 'Marquez', 10, '0', '2021-12-16', '2023-04-12'),
       (92, 'Maris', 'Lara', 7, '0', '2023-07-08', '2023-01-06'),
       (93, 'Micah', 'Delacruz', 3, '1', '2022-02-16', '2022-03-03'),
       (94, 'Baxter', 'Wheeler', 3, '0', '2021-11-27', '2022-07-29'),
       (95, 'Linda', 'Mosley', 8, '0', '2022-11-27', '2022-03-06'),
       (96, 'Elijah', 'Briggs', 4, '1', '2023-07-05', '2022-02-21'),
       (97, 'Mufutau', 'Carver', 2, '0', '2023-09-21', '2022-02-28'),
       (98, 'Imogene', 'Schroeder', 10, '0', '2022-07-19', '2022-12-05'),
       (99, 'Moana', 'Pittman', 1, '0', '2022-10-28', '2023-01-27'),
       (100, 'Jocelyn', 'Carson', 5, '0', '2021-12-25', '2021-11-29'),
       (101, 'Rana', 'Alexander', 3, '0', '2021-10-14', '2023-03-04'),
       (102, 'Allistair', 'Head', 6, '0', '2022-04-28', '2021-09-28'),
       (103, 'Joel', 'Yang', 4, '1', '2023-04-23', '2022-04-04'),
       (104, 'Lee', 'Holman', 0, '1', '2022-10-25', '2022-03-17'),
       (105, 'Silas', 'Levine', 7, '0', '2023-01-01', '2023-07-29'),
       (106, 'Raven', 'Hicks', 0, '0', '2022-12-28', '2023-04-12'),
       (107, 'Bert', 'Lewis', 6, '0', '2022-03-16', '2022-09-28'),
       (108, 'Kane', 'Mcguire', 7, '1', '2023-08-19', '2021-11-24'),
       (109, 'Hayes', 'Burke', 0, '0', '2022-08-27', '2023-03-11'),
       (110, 'Kameko', 'Bennett', 6, '0', '2023-02-06', '2021-10-13'),
       (111, 'Ronan', 'Dickson', 9, '0', '2023-05-12', '2023-09-20'),
       (112, 'Suki', 'Mccoy', 5, '1', '2023-06-11', '2022-06-01'),
       (113, 'Jennifer', 'Conley', 3, '0', '2023-06-15', '2023-01-27'),
       (114, 'Nora', 'Bradley', 2, '0', '2023-03-14', '2022-06-05'),
       (115, 'Alan', 'Sears', 4, '0', '2021-09-24', '2023-07-26'),
       (116, 'Noble', 'Beck', 1, '0', '2023-07-07', '2023-08-25'),
       (117, 'Doris', 'Garner', 3, '1', '2023-07-13', '2022-12-14'),
       (118, 'Cade', 'Sherman', 4, '0', '2022-08-03', '2023-03-03'),
       (119, 'Kirsten', 'Simpson', 9, '1', '2022-04-07', '2023-06-29'),
       (120, 'Levi', 'Hurley', 7, '0', '2022-09-05', '2021-10-03'),
       (121, 'Shaeleigh', 'Castaneda', 6, '0', '2022-08-16', '2023-03-24'),
       (122, 'Alana', 'Pace', 4, '1', '2023-06-10', '2022-11-26'),
       (123, 'Eleanor', 'Dorsey', 5, '0', '2023-04-08', '2021-10-25'),
       (124, 'Breanna', 'Burnett', 0, '1', '2021-10-07', '2023-08-01'),
       (125, 'Plato', 'Peters', 9, '1', '2023-09-07', '2022-06-12'),
       (126, 'Leslie', 'Dillard', 6, '1', '2022-06-14', '2023-02-17'),
       (127, 'Noah', 'Fox', 8, '0', '2022-01-19', '2022-12-25'),
       (128, 'Price', 'Thomas', 1, '0', '2022-03-01', '2022-03-04'),
       (129, 'Avye', 'Castillo', 9, '0', '2021-10-07', '2022-02-19'),
       (130, 'Holly', 'Mckenzie', 10, '1', '2022-12-09', '2023-03-28'),
       (131, 'Tobias', 'Jones', 6, '1', '2023-06-10', '2022-11-30'),
       (132, 'Teegan', 'Knapp', 9, '1', '2022-03-09', '2023-01-25'),
       (133, 'Mari', 'Hendricks', 3, '1', '2023-07-17', '2022-10-06'),
       (134, 'Signe', 'Nguyen', 7, '0', '2023-06-12', '2022-09-08'),
       (135, 'Ian', 'Curry', 8, '1', '2022-05-06', '2022-04-09'),
       (136, 'Ezra', 'Mcneil', 7, '1', '2022-06-23', '2022-10-02'),
       (137, 'Thaddeus', 'Mathews', 7, '1', '2022-05-23', '2022-03-11'),
       (138, 'Darrel', 'Cooley', 6, '0', '2022-10-08', '2023-02-12'),
       (139, 'Baxter', 'Pope', 0, '1', '2023-03-17', '2023-05-20'),
       (140, 'Lisandra', 'Saunders', 9, '0', '2022-11-05', '2023-01-25'),
       (141, 'Miriam', 'Pittman', 5, '0', '2022-11-24', '2022-03-17'),
       (142, 'Evan', 'Horn', 1, '1', '2022-09-11', '2023-06-20'),
       (143, 'Kevyn', 'Fox', 9, '0', '2022-08-22', '2022-03-26'),
       (144, 'Baxter', 'Dudley', 4, '1', '2023-09-20', '2022-11-10'),
       (145, 'Dolan', 'Willis', 9, '1', '2023-08-26', '2022-05-09'),
       (146, 'Nina', 'Lane', 4, '0', '2022-10-09', '2022-07-07'),
       (147, 'Trevor', 'Bryant', 7, '1', '2023-03-18', '2023-02-04'),
       (148, 'Rebecca', 'Hess', 9, '1', '2023-05-11', '2022-06-14'),
       (149, 'Constance', 'Colon', 3, '0', '2023-09-04', '2023-02-17'),
       (150, 'Dexter', 'King', 9, '0', '2022-05-13', '2023-09-08');

insert into Books.history (id, books_id, user_id)
values   (1,67,111),
         (2,17,55),
         (3,125,86),
         (4,26,143),
         (5,48,139),
         (6,136,137),
         (7,110,143),
         (8,97,122),
         (9,142,37),
         (10,147,18),
         (11,5,96),
         (12,12,128),
         (13,108,1),
         (14,48,54),
         (15,121,109),
         (16,60,110),
         (17,78,113),
         (18,30,45),
         (19,56,126),
         (20,26,22),
         (21,76,132),
         (22,68,44),
         (23,71,65),
         (24,126,105),
         (25,17,13),
         (26,56,123),
         (27,114,29),
         (28,4,62),
         (29,100,137),
         (30,67,44),
         (31,56,105),
         (32,21,13),
         (33,2,89),
         (34,108,106),
         (35,56,103),
         (36,50,6),
         (37,59,42),
         (38,26,125),
         (39,21,145),
         (40,104,109),
         (41,148,101),
         (42,29,40),
         (43,110,10),
         (44,25,111),
         (45,115,19),
         (46,111,91),
         (47,25,111),
         (48,92,55),
         (49,9,84),
         (50,14,31),
         (51,121,146),
         (52,75,56),
         (53,51,9),
         (54,39,48),
         (55,9,144),
         (56,42,83),
         (57,135,58),
         (58,18,116),
         (59,59,13),
         (60,21,13),
         (61,23,64),
         (62,85,78),
         (63,83,19),
         (64,86,138),
         (65,15,69),
         (66,59,73),
         (67,138,40),
         (68,54,49),
         (69,122,25),
         (70,112,100),
         (71,40,32),
         (72,31,94),
         (73,81,98),
         (74,31,104),
         (75,106,132),
         (76,9,48),
         (77,23,3),
         (78,70,102),
         (79,89,52),
         (80,12,20),
         (81,79,19),
         (82,9,66),
         (83,32,134),
         (84,84,28),
         (85,9,17),
         (86,129,42),
         (87,57,16),
         (88,147,27),
         (89,49,127),
         (90,24,143),
         (91,96,137),
         (92,93,107),
         (93,32,52),
         (94,81,64),
         (95,87,2),
         (96,9,9),
         (97,14,78),
         (98,59,69),
         (99,65,129),
         (100,130,21),
         (101,8,123),
         (102,121,112),
         (103,42,13),
         (104,105,19),
         (105,117,99),
         (106,65,17),
         (107,66,76),
         (108,126,105),
         (109,128,101),
         (110,116,9),
         (111,83,118),
         (112,81,86),
         (113,29,147),
         (114,17,150),
         (115,80,115),
         (116,37,95),
         (117,89,12),
         (118,117,134),
         (119,11,100),
         (120,85,40),
         (121,122,95),
         (122,47,76),
         (123,29,64),
         (124,123,114),
         (125,100,61),
         (126,51,148),
         (127,47,107),
         (128,135,150),
         (129,5,2),
         (130,19,138),
         (131,86,143),
         (132,98,49),
         (133,14,138),
         (134,145,34),
         (135,131,74),
         (136,56,65),
         (137,83,88),
         (138,28,4),
         (139,11,104),
         (140,100,129),
         (141,5,84),
         (142,39,113),
         (143,135,113),
         (144,87,60),
         (145,120,34),
         (146,107,18),
         (147,126,148),
         (148,3,111),
         (149,72,43),
         (150,47,21),
         (151,9,138),
         (152,27,4),
         (153,87,4),
         (154,67,87),
         (155,102,123),
         (156,31,66),
         (157,77,115),
         (158,7,146),
         (159,98,15),
         (160,63,113),
         (161,124,127),
         (162,21,66),
         (163,132,129),
         (164,142,87),
         (165,41,23),
         (166,121,17),
         (167,134,75),
         (168,56,63),
         (169,58,108),
         (170,93,68),
         (171,33,127),
         (172,41,77),
         (173,136,24),
         (174,51,100),
         (175,2,66),
         (176,103,121),
         (177,120,148),
         (178,30,100),
         (179,29,72),
         (180,101,8),
         (181,3,118),
         (182,132,125),
         (183,63,13),
         (184,25,85),
         (185,45,76),
         (186,80,77),
         (187,84,106),
         (188,96,16),
         (189,89,73),
         (190,2,114),
         (191,118,88),
         (192,106,130),
         (193,121,123),
         (194,75,5),
         (195,131,34),
         (196,79,106),
         (197,40,6),
         (198,45,21),
         (199,37,142),
         (200,73,101),
         (201,5,128),
         (202,50,25),
         (203,75,117),
         (204,65,18),
         (205,85,51),
         (206,25,63),
         (207,24,101),
         (208,67,18),
         (209,38,42),
         (210,138,19),
         (211,97,134),
         (212,41,130),
         (213,13,18),
         (214,90,65),
         (215,93,147),
         (216,51,77),
         (217,79,52),
         (218,114,15),
         (219,68,18),
         (220,5,112),
         (221,75,80),
         (222,33,61),
         (223,116,110),
         (224,80,39),
         (225,25,25),
         (226,67,89),
         (227,116,95),
         (228,26,57),
         (229,103,79),
         (230,56,31),
         (231,99,57),
         (232,8,74),
         (233,77,47),
         (234,105,139),
         (235,149,4),
         (236,102,43),
         (237,120,125),
         (238,67,90),
         (239,81,139),
         (240,6,4),
         (241,7,49),
         (242,90,68),
         (243,51,13),
         (244,6,66),
         (245,7,37),
         (246,35,48),
         (247,46,37),
         (248,40,105),
         (249,11,2),
         (250,40,119),
         (251,9,50),
         (252,92,124),
         (253,107,11),
         (254,55,47),
         (255,114,14),
         (256,148,34),
         (257,64,99),
         (258,146,63),
         (259,129,86),
         (260,9,6),
         (261,81,15),
         (262,89,141),
         (263,126,112),
         (264,96,133),
         (265,67,137),
         (266,80,143),
         (267,9,35),
         (268,126,83),
         (269,16,12),
         (270,31,22),
         (271,34,12),
         (272,2,125),
         (273,65,118),
         (274,104,102),
         (275,28,22),
         (276,39,55),
         (277,101,88),
         (278,91,115),
         (279,138,99),
         (280,41,71),
         (281,22,77),
         (282,106,32),
         (283,34,138),
         (284,76,98),
         (285,129,103),
         (286,44,40),
         (287,13,65),
         (288,62,9),
         (289,6,140),
         (290,115,72),
         (291,6,83),
         (292,113,73),
         (293,18,47),
         (294,89,41),
         (295,22,92),
         (296,6,113),
         (297,92,139),
         (298,79,34),
         (299,130,3),
         (300,39,46),
         (301,39,46),
         (302,124,28),
         (303,38,96),
         (304,90,86),
         (305,81,95),
         (306,123,144),
         (307,61,39),
         (308,82,12),
         (309,148,117),
         (310,150,48),
         (311,39,84),
         (312,147,122),
         (313,122,115),
         (314,25,9),
         (315,93,74),
         (316,41,67),
         (317,129,117),
         (318,128,100),
         (319,61,79),
         (320,46,114),
         (321,139,116),
         (322,49,32),
         (323,113,44),
         (324,29,93),
         (325,86,119),
         (326,137,51),
         (327,84,98),
         (328,36,83),
         (329,4,25),
         (330,6,87),
         (331,126,114),
         (332,116,83),
         (333,105,100),
         (334,133,43),
         (335,105,44),
         (336,126,102),
         (337,129,102),
         (338,120,93),
         (339,107,131),
         (340,68,83),
         (341,82,45),
         (342,4,139),
         (343,82,21),
         (344,18,15),
         (345,43,41),
         (346,50,85),
         (347,25,24),
         (348,67,148),
         (349,41,12),
         (350,60,43),
         (351,106,129),
         (361,38,149),
         (362,27,139),
         (363,126,125),
         (364,103,14),
         (365,23,55),
         (366,59,95),
         (367,58,90),
         (368,48,142),
         (369,83,147),
         (370,71,145),
         (371,44,97),
         (372,150,87),
         (373,95,126),
         (374,16,118),
         (375,78,131),
         (376,113,122),
         (377,132,37),
         (378,45,98),
         (379,73,6),
         (380,148,132),
         (381,19,45),
         (382,41,141),
         (383,149,117),
         (384,76,87),
         (385,83,5),
         (386,100,101),
         (387,49,6),
         (388,139,32),
         (389,75,12),
         (390,79,100),
         (391,119,121),
         (392,115,28),
         (393,137,85),
         (394,88,95),
         (395,141,54),
         (396,139,86),
         (397,63,34),
         (398,34,140),
         (399,135,120),
         (400,33,126),
         (401,40,125),
         (402,56,49),
         (403,23,83),
         (404,103,92),
         (405,63,63),
         (406,92,97),
         (407,90,65),
         (408,121,27),
         (409,89,19),
         (410,78,104),
         (411,117,35),
         (412,51,48),
         (413,80,62),
         (414,26,58),
         (415,137,40),
         (416,109,40),
         (417,75,59),
         (418,60,34),
         (419,92,73),
         (420,77,26),
         (421,102,75),
         (422,47,76),
         (423,51,115),
         (424,53,124),
         (425,103,139),
         (426,137,19),
         (427,90,92),
         (428,44,50),
         (429,53,62),
         (430,113,76),
         (431,24,53),
         (432,86,37),
         (433,32,33),
         (434,109,68),
         (435,38,3),
         (436,105,27),
         (437,30,125),
         (438,2,32),
         (439,64,93),
         (440,145,61),
         (441,107,100),
         (442,76,81),
         (443,85,32),
         (444,138,42),
         (445,30,143),
         (446,143,46),
         (447,36,30),
         (448,15,32),
         (449,57,126),
         (450,63,147),
         (451,92,120),
         (452,60,94),
         (453,88,111),
         (454,46,147),
         (455,73,125),
         (456,64,13),
         (457,75,77),
         (458,107,128),
         (459,90,123),
         (460,42,101),
         (461,56,74),
         (462,90,16),
         (463,127,65),
         (464,104,78),
         (465,5,102),
         (466,80,81),
         (467,18,13),
         (468,59,83),
         (469,105,70),
         (470,20,94),
         (471,14,148),
         (472,30,115),
         (473,16,150),
         (474,66,83),
         (475,101,142),
         (476,24,84),
         (477,148,43),
         (478,86,10),
         (479,66,57),
         (480,62,13),
         (481,71,103),
         (482,125,9),
         (483,118,15),
         (484,6,25),
         (485,69,17),
         (486,138,14),
         (487,18,75),
         (488,120,148),
         (489,117,34),
         (490,9,126),
         (491,89,65),
         (492,93,120),
         (493,99,130),
         (494,89,63),
         (495,118,137),
         (496,86,60),
         (497,71,103),
         (498,107,118),
         (499,52,31),
         (500,82,66);